{"Ke60cg010YGGCCIDbjpk2w==":"photo.jpg","2Q14cycSqiFDeRTiCmKbfA==":"whatsapp-image-2020-12-10-at-15.39.03.jpeg","nFm57Y82VM7GOjdKsB5glQ==":"scott-graham-5fnmwej4taa-unsplash.jpg","fETQGfmWkoGGLStHezXjow==":"brooke-lark-nmffl1zjbw4-unsplash.jpg","m9Wv22kgvuybWdMyAmi/VA==":"jess-bailey-bg3qkpdpopy-unsplash.jpg","E+eIv9vW7XfwHNxBRdH+Ng==":"mbr.jpg","VLk8jGEIdsg6fNLBpVz3pw==":"mbr-1.jpg","kcuApSRnmtad0h3tfgj/pQ==":"mbr-2.jpg","m/JJ/BwW+eJ8gMutLJe05A==":"mbr-3.jpg","gOjjU9T2z1hbDwFOVwBRJg==":"mbr-4.jpg","w+kaHMvkp3VojM0ypzsqFg==":"mbr-5.jpg","YAPY84gJR6LLXeHtf74xAA==":"mbr-6.jpg","0+1C/lN6gkCFlrBKey51qQ==":"mbr-7.jpg","zEHpygaZdRpjMb4o5bDiRg==":"mbr-8.jpg","SkpkIYd6xkRxef1p6rR9tQ==":"mbr-8.jpeg","vvsGsUX63GM/PxH7MD5EEw==":"mbr-9.jpg","X7PVFVNzCXYFmIvWdRHpMQ==":"mbr-10.jpg","poYQIMghAd641uwrvKzrow==":"mbr-11.jpg","BtaBLhDY0kSWn3g2mY0hmA==":"mbr-1076x966.png","uxQFrzMlevOl1z9jrPCvaA==":"mbr-1076x717.jpg","O9vH5ISxPDopYnRXL08uFA==":"mbr-1920x1282.jpg","GqjwBUGVkoJR59En3/FZeA==":"mbr-1920x1156.jpg","KNCSQqiiJRRiEr22N1qGhQ==":"mbr-1920x1141.jpg","YHLxOWt1zHCXQhEWTF61Dg==":"mbr-1920x1279.jpg","j1FKoHHGRz2gZM61WUq0qA==":"mbr-1920x1390.jpg","1flH8tC5wbyXqb/4QGMnAg==":"mbr-1920x1390.jpeg","Z3VqjA8+V43ypoomNSvYhQ==":"mbr-1920x1280.jpg","qrrXUQsfsYIgY6g3c0fO3g==":"mbr-1-1920x1280.jpg","YVguct8PZLB4KgwtAYJhsw==":"mbr-2-1920x1280.jpg","oLIdvHLd2wJWu2+ah7yxMA==":"mbr-1920x1519.jpg","ZLkgWXDz8s6+98ZMRCt8oQ==":"jess-bailey-bg3qkpdpopy-unsplash-2000x1500.jpg","n/hcFIgVDFWJH/lf/ifUCw==":"brooke-lark-nmffl1zjbw4-unsplash-2000x1333.jpg","VHCj/RSbg4C4iecS1P8/bA==":"scott-graham-5fnmwej4taa-unsplash-2000x1335.jpg","le42mqPg4baU3ihIJgTaog==":"gabrielle-henderson-m4lve6jr26e-unsplash-2000x1333.jpg"}